i,w,v,m,a,z,c,k,i,c,e,i,o,t,c,b,z,c,z,y
c,q,z,u,j,h,k,r,q,s,j,i,i,f,x,l,x,y,q,j
y,e,g,m,t,j,l,k,o,p,g,l,y,p,k,e,v,r,a,b
r,l,f,q,y,p,l,j,h,e,c,b,r,m,h,g,o,u,j,i
o,j,c,e,e,z,w,s,n,d,z,u,u,s,w,x,j,p,l,t
h,g,q,t,j,s,s,y,z,r,l,v,m,v,q,f,u,f,z,f
m,x,r,c,l,i,e,a,x,o,l,h,f,v,d,p,a,y,s,e
w,q,y,y,g,p,z,b,k,q,h,x,c,t,p,x,n,e,b,k
i,n,l,u,q,o,x,m,b,d,y,p,s,e,i,x,j,d,q,c
q,r,a,n,r,u,b,e,n,h,m,b,c,g,d,k,k,d,c,s
x,x,n,e,z,w,j,r,t,j,p,e,l,o,d,x,u,b,g,e
u,i,k,d,v,z,t,n,o,l,o,t,i,k,p,a,z,x,v,t
a,q,i,s,t,j,y,w,m,b,e,l,e,n,l,p,d,q,k,d
z,h,h,z,s,z,n,j,a,p,e,i,t,f,i,q,k,b,p,q
n,m,r,f,d,y,u,i,s,f,k,v,o,i,a,k,h,q,v,z
u,i,b,n,o,c,e,u,c,c,r,g,g,f,u,s,s,c,o,z
o,v,b,a,x,q,d,o,m,a,r,g,m,r,s,o,j,s,l,u
k,n,f,w,m,x,j,i,y,y,r,c,g,x,c,b,x,w,k,i
s,m,d,k,z,j,w,k,t,k,y,v,n,q,u,q,o,p,g,m
e,p,q,l,e,a,g,y,m,n,k,y,v,h,h,z,w,m,a,b
